j,Polarity,Coverage,Overlaps,Conflicts
0,[1],0.48890784982935154,0.48890784982935154,0.3967576791808874
1,[0],0.44283276450511944,0.44283276450511944,0.4334470989761092
2,[0],0.4948805460750853,0.4948805460750853,0.49146757679180886
3,"[0, 1]",0.49402730375426623,0.49402730375426623,0.4044368600682594
4,"[0, 1]",1.0,1.0,0.8165529010238908
5,"[0, 1]",1.0,1.0,0.8165529010238908
